{"nKYZiIMM6S6ZOs3l/Je+zQ==":"logo-2312x584.jpg","xIyU8fVlfqis2J+5NpcD2w==":"wallpaper-960x640.jpg","SIosspxPiYBS9zQzDy5BTw==":"eiffel-800x375.jpg","aOQyeVNWgPi5s+yQJGaXOQ==":"singapore-299x168.jpg","n805ufMuWfC1j7jTz3EcTg==":"amazing-eiffel-tower-paris-france-photos-wallpaper-desktop-images-hd-free-windows-wallpaper-samsung-iphone-mac-2000x1125.jpg","3LBGHgo8APqzOYND8Kv1Jg==":"abudabi-300x168.jpg","mebi9STOWQ4rq+UvdXkwcg==":"eiffel-1-800x375.jpg","aIqez7IncXKLB5RpKK+ukQ==":"world%20china%20%20fine%20hd%20wallpaper-1280x800.jpg","7xA1/vs/bBl/BhW2U3dQtA==":"bangkok-299x168.jpg","Xd0qFD7+Lgm0kGvAXimQSw==":"malaysia-284x177.jpg","xta2Tctupk4v/gVnar2bZg==":"singapore-1-299x168.jpg","NcADZi6/xp80J3iT0NM19A==":"logo1-920x288.jpg","TZZ9QCklHS3zii6MNn2RzQ==":"logo2-860x232.jpg","b2sUEYkOuWNFVvzei66YuQ==":"logo-blue-914x324.jpg","lZelOuBODq4ci9ltSAvPiQ==":"logo-blue-914x291.jpg","+CEdAvL5XauFZKHe8tYTeQ==":"eiffel-2-800x375.jpg","TltqRk9ojl63dyRHCOOFVQ==":"3421171-singapore-wallpapers-1920x1080.jpg","zWz+zpmcgK2ixKL1/shSlw==":"eiffel-tower-paris-2000x1333.jpg","5AluDEXJsqFAlSF5pU1/LQ==":"3421171-singapore-wallpapers-1-1920x1080.jpg","S84+aW3+D1HaQ2HcUrMzIg==":"eiffel-tower-paris-1-2000x1333.jpg","OIS/lnxwHQRyNr1NeuDJqA==":"statue_of_liberty_night_background-2000x1325.jpg","QoKkCvkRKTYK8kS0lRrwJQ==":"7169f0afcebec3b3e055844fc5d00598-2000x858.jpg","jP3VyFM0GBdB6FtKJm0cgw==":"china-260x194.jpg","euf15OIcOFuuLYovXHoIrQ==":"egypt-276x183.jpg","q7anPHs75yTTbn9gpsGNSQ==":"egypt-pyramids-night-view-hd-wallpaper-1280x800.jpg","N+ZGqBKCFmTZvG/XFybeAw==":"mbr-1082x1080.jpg","lpEWPcnBC6WBDIdRRpAX+Q==":"mbr-720x1080.jpg","qAdSXIQL9LCklT8ZiAft1A==":"mbr-1620x1080.jpg","CGGtf1MuvLFB/KUrA/+mag==":"jumbotron.jpg","cMYXPA6t145Pr3A+zhoWmA==":"blue%20bay-724x262.jpg","7VVyPY2m6b49lPygK2Oocg==":"mbr-1630x1080.jpg","5YMEcwhAsSaZXKqdKdFEDg==":"mbr-1624x1080.jpg"}